"team_g","team_s","team_b","aa_g","aa_s","aa_b","event_g","event_s","event_b"
0,0,0,0,0,0,0.136363636363636,0.590909090909091,0.318181818181818
0,0,0,0,0,0,0.136363636363636,0.590909090909091,0.318181818181818
0,0,0,0,0,0,0.136363636363636,0.590909090909091,0.318181818181818
0,0,0,0,0,0,0.136363636363636,0.454545454545455,0.25
0,0,0,0,0,0,0.136363636363636,0.545454545454545,0.318181818181818
0,0,0,0,0,0,0,0.181818181818182,0.0681818181818182
