"team_g","team_s","team_b","aa_g","aa_s","aa_b","event_g","event_s","event_b"
0,0,0,0,0,0,0.25,0.522727272727273,0.204545454545455
0,0,0,0,0,0,0.25,0.522727272727273,0.204545454545455
0,0,0,0,0,0,0.25,0.522727272727273,0.204545454545455
0,0,0,0,0,0,0.204545454545455,0.431818181818182,0.181818181818182
0,0,0,0,0,0,0.25,0.522727272727273,0.204545454545455
0,0,0,0,0,0,0.0454545454545455,0.0909090909090909,0.0227272727272727
