"team_g","team_s","team_b","aa_g","aa_s","aa_b","event_g","event_s","event_b"
0,0,0,0,0.0227272727272727,0.0909090909090909,0.136363636363636,0.568181818181818,0.386363636363636
0,0,0,0,0.0227272727272727,0.0909090909090909,0.136363636363636,0.568181818181818,0.386363636363636
0,0,0,0,0.0227272727272727,0.0909090909090909,0.136363636363636,0.568181818181818,0.386363636363636
0,0,0,0,0,0,0.113636363636364,0.386363636363636,0.25
0,0,0,0,0.0227272727272727,0.0909090909090909,0.136363636363636,0.568181818181818,0.386363636363636
0,0,0,0,0.0227272727272727,0.0909090909090909,0.0227272727272727,0.181818181818182,0.136363636363636
