"team_g","team_s","team_b","aa_g","aa_s","aa_b","event_g","event_s","event_b"
0,0,0,0,0,0,0.113636363636364,0.340909090909091,0.454545454545455
0,0,0,0,0,0,0.113636363636364,0.340909090909091,0.454545454545455
0,0,0,0,0,0,0.113636363636364,0.340909090909091,0.454545454545455
0,0,0,0,0,0,0.113636363636364,0.227272727272727,0.295454545454545
0,0,0,0,0,0,0.113636363636364,0.340909090909091,0.454545454545455
0,0,0,0,0,0,0,0.113636363636364,0.159090909090909
