"team_g","team_s","team_b","aa_g","aa_s","aa_b","event_g","event_s","event_b"
0,0,0,0,0,0.0227272727272727,0.181818181818182,0.5,0.318181818181818
0,0,0,0,0,0.0227272727272727,0.181818181818182,0.5,0.318181818181818
0,0,0,0,0,0.0227272727272727,0.181818181818182,0.5,0.318181818181818
0,0,0,0,0,0,0.159090909090909,0.318181818181818,0.227272727272727
0,0,0,0,0,0.0227272727272727,0.181818181818182,0.5,0.318181818181818
0,0,0,0,0,0.0227272727272727,0.0227272727272727,0.181818181818182,0.113636363636364
