"team_g","team_s","team_b","aa_g","aa_s","aa_b","event_g","event_s","event_b"
0,0,0,0,0,0.0454545454545455,0.204545454545455,0.477272727272727,0.363636363636364
0,0,0,0,0,0.0454545454545455,0.204545454545455,0.477272727272727,0.363636363636364
0,0,0,0,0,0.0454545454545455,0.204545454545455,0.477272727272727,0.363636363636364
0,0,0,0,0,0,0.159090909090909,0.363636363636364,0.318181818181818
0,0,0,0,0,0.0454545454545455,0.204545454545455,0.477272727272727,0.363636363636364
0,0,0,0,0,0.0454545454545455,0.0454545454545455,0.113636363636364,0.0454545454545455
