"team_g","team_s","team_b","aa_g","aa_s","aa_b","event_g","event_s","event_b"
0,0,0,0,0,0.0454545454545455,0.25,0.5,0.340909090909091
0,0,0,0,0,0.0454545454545455,0.25,0.5,0.340909090909091
0,0,0,0,0,0.0454545454545455,0.25,0.5,0.340909090909091
0,0,0,0,0,0,0.204545454545455,0.340909090909091,0.272727272727273
0,0,0,0,0,0.0454545454545455,0.25,0.5,0.340909090909091
0,0,0,0,0,0.0454545454545455,0.0454545454545455,0.159090909090909,0.0681818181818182
