"team_g","team_s","team_b","aa_g","aa_s","aa_b","event_g","event_s","event_b"
0,0,0,0,0.0227272727272727,0,0.136363636363636,0.522727272727273,0.295454545454545
0,0,0,0,0.0227272727272727,0,0.136363636363636,0.522727272727273,0.295454545454545
0,0,0,0,0.0227272727272727,0,0.136363636363636,0.522727272727273,0.295454545454545
0,0,0,0,0,0,0.113636363636364,0.409090909090909,0.272727272727273
0,0,0,0,0.0227272727272727,0,0.136363636363636,0.522727272727273,0.295454545454545
0,0,0,0,0.0227272727272727,0,0.0227272727272727,0.113636363636364,0.0227272727272727
