"team_g","team_s","team_b","aa_g","aa_s","aa_b","event_g","event_s","event_b"
0,0,0,0,0,0.0454545454545455,0.181818181818182,0.590909090909091,0.295454545454545
0,0,0,0,0,0.0454545454545455,0.181818181818182,0.590909090909091,0.295454545454545
0,0,0,0,0,0.0454545454545455,0.181818181818182,0.590909090909091,0.295454545454545
0,0,0,0,0,0,0.181818181818182,0.363636363636364,0.159090909090909
0,0,0,0,0,0.0454545454545455,0.181818181818182,0.590909090909091,0.295454545454545
0,0,0,0,0,0.0454545454545455,0,0.227272727272727,0.136363636363636
