"team_g","team_s","team_b","aa_g","aa_s","aa_b","event_g","event_s","event_b"
0,0,0,0,0.0227272727272727,0,0.227272727272727,0.568181818181818,0.454545454545455
0,0,0,0,0.0227272727272727,0,0.227272727272727,0.568181818181818,0.454545454545455
0,0,0,0,0.0227272727272727,0,0.227272727272727,0.568181818181818,0.454545454545455
0,0,0,0,0,0,0.204545454545455,0.409090909090909,0.363636363636364
0,0,0,0,0.0227272727272727,0,0.227272727272727,0.568181818181818,0.454545454545455
0,0,0,0,0.0227272727272727,0,0.0227272727272727,0.159090909090909,0.0909090909090909
