"team_g","team_s","team_b","aa_g","aa_s","aa_b","event_g","event_s","event_b"
0,0,0,0,0,0,0.0803571428571429,0.321428571428571,0.133928571428571
0,0,0,0,0,0,0.0803571428571429,0.321428571428571,0.133928571428571
0,0,0,0,0,0,0.0803571428571429,0.321428571428571,0.133928571428571
0,0,0,0,0,0,0.0803571428571429,0.321428571428571,0.133928571428571
0,0,0,0,0,0,0.0803571428571429,0.267857142857143,0.107142857142857
0,0,0,0,0,0,0,0.0535714285714286,0.0267857142857143
