"team_g","team_s","team_b","aa_g","aa_s","aa_b","event_g","event_s","event_b"
0,0,0,0,0,0,0.131313131313131,0.131313131313131,0.101010101010101
0,0,0,0,0,0,0.0404040404040404,0.0808080808080808,0.0707070707070707
0,0,0,0,0,0,0.131313131313131,0.131313131313131,0.101010101010101
0,0,0,0,0,0,0.131313131313131,0.131313131313131,0.101010101010101
0,0,0,0,0,0,0.131313131313131,0.101010101010101,0.101010101010101
0,0,0,0,0,0,0.0909090909090909,0.0808080808080808,0.0303030303030303
