"team_g","team_s","team_b","aa_g","aa_s","aa_b","event_g","event_s","event_b"
0,0,0,0,0,0,0.0202020202020202,0.0202020202020202,0.111111111111111
0,0,0,0,0,0,0.0101010101010101,0,0.0505050505050505
0,0,0,0,0,0,0.0202020202020202,0.0202020202020202,0.111111111111111
0,0,0,0,0,0,0.0202020202020202,0.0202020202020202,0.111111111111111
0,0,0,0,0,0,0.0202020202020202,0.0202020202020202,0.0909090909090909
0,0,0,0,0,0,0.0101010101010101,0.0202020202020202,0.0808080808080808
