"team_g","team_s","team_b","aa_g","aa_s","aa_b","event_g","event_s","event_b"
0,0.515151515151515,0.373737373737374,0,0,0,0.0101010101010101,0,0
0,0.525252525252525,0.363636363636364,0,0,0,0.0101010101010101,0,0
0,0.545454545454545,0.343434343434343,0,0,0,0.0101010101010101,0,0
0,0.262626262626263,0.616161616161616,0,0,0,0,0,0
0,0.353535353535354,0.535353535353535,0,0,0,0,0,0
0,0.363636363636364,0.525252525252525,0,0,0,0,0,0
0,0.525252525252525,0.363636363636364,0,0,0,0.0101010101010101,0,0
0,0.545454545454545,0.343434343434343,0,0,0,0.0101010101010101,0,0
0,0.545454545454545,0.343434343434343,0,0,0,0.0101010101010101,0,0
0,0.353535353535354,0.535353535353535,0,0,0,0,0,0
0,0.232323232323232,0.575757575757576,0,0,0,0.0101010101010101,0,0
0,0.282828282828283,0.565656565656566,0,0,0,0.0101010101010101,0,0
0,0.303030303030303,0.545454545454545,0,0,0,0.0101010101010101,0,0
0,0.0909090909090909,0.676767676767677,0,0,0,0,0,0
0,0.292929292929293,0.545454545454545,0,0,0,0.0101010101010101,0,0
0,0.363636363636364,0.525252525252525,0,0,0,0.0101010101010101,0,0
0,0.414141414141414,0.474747474747475,0,0,0,0.0101010101010101,0,0
0,0.424242424242424,0.464646464646465,0,0,0,0.0101010101010101,0,0
0,0.222222222222222,0.646464646464647,0,0,0,0,0,0
0,0.404040404040404,0.484848484848485,0,0,0,0.0101010101010101,0,0
0,0.171717171717172,0.585858585858586,0,0,0,0.0101010101010101,0,0
