"team_g","team_s","team_b","aa_g","aa_s","aa_b","event_g","event_s","event_b"
0,0.252525252525253,0.343434343434343,0,0,0,0.0909090909090909,0.0404040404040404,0.0707070707070707
0,0.252525252525253,0.343434343434343,0,0,0,0.0909090909090909,0.0404040404040404,0.0707070707070707
0,0.252525252525253,0.343434343434343,0,0,0,0.0909090909090909,0.0404040404040404,0.0707070707070707
0,0.0707070707070707,0.121212121212121,0,0,0,0.0909090909090909,0.0404040404040404,0.0707070707070707
0,0.0707070707070707,0.121212121212121,0,0,0,0.0909090909090909,0.0404040404040404,0.0707070707070707
0,0,0,0,0,0,0.0909090909090909,0.0404040404040404,0.0707070707070707
0,0.252525252525253,0.343434343434343,0,0,0,0.0909090909090909,0.0404040404040404,0.0707070707070707
0,0.252525252525253,0.343434343434343,0,0,0,0.0909090909090909,0.0404040404040404,0.0707070707070707
0,0.252525252525253,0.343434343434343,0,0,0,0.0909090909090909,0.0404040404040404,0.0707070707070707
0,0.0707070707070707,0.121212121212121,0,0,0,0.0909090909090909,0.0404040404040404,0.0707070707070707
0,0,0,0,0,0,0.0909090909090909,0.0404040404040404,0.0707070707070707
0,0,0,0,0,0,0.0909090909090909,0.0404040404040404,0.0707070707070707
0,0,0,0,0,0,0.0909090909090909,0.0404040404040404,0.0707070707070707
0,0,0,0,0,0,0.0909090909090909,0.0404040404040404,0.0707070707070707
0,0,0,0,0,0,0.0909090909090909,0.0404040404040404,0.0707070707070707
0,0,0,0,0,0,0,0,0
0,0,0,0,0,0,0,0,0
0,0,0,0,0,0,0,0,0
0,0,0,0,0,0,0,0,0
0,0,0,0,0,0,0,0,0
0,0,0,0,0,0,0,0,0
