"team_g","team_s","team_b","aa_g","aa_s","aa_b","event_g","event_s","event_b"
0,0.313131313131313,0.505050505050505,0,0,0,0.151515151515152,0.151515151515152,0.141414141414141
0,0.313131313131313,0.505050505050505,0,0,0,0.151515151515152,0.151515151515152,0.141414141414141
0,0.313131313131313,0.505050505050505,0,0,0,0.151515151515152,0.151515151515152,0.141414141414141
0,0.0808080808080808,0.565656565656566,0,0,0,0.151515151515152,0.151515151515152,0.141414141414141
0,0.0808080808080808,0.565656565656566,0,0,0,0.151515151515152,0.151515151515152,0.141414141414141
0,0,0,0,0,0,0.151515151515152,0.151515151515152,0.141414141414141
0,0.313131313131313,0.505050505050505,0,0,0,0.151515151515152,0.151515151515152,0.141414141414141
0,0.313131313131313,0.505050505050505,0,0,0,0.151515151515152,0.151515151515152,0.141414141414141
0,0.313131313131313,0.505050505050505,0,0,0,0.151515151515152,0.151515151515152,0.141414141414141
0,0.0808080808080808,0.565656565656566,0,0,0,0.151515151515152,0.151515151515152,0.141414141414141
0,0,0.0606060606060606,0,0,0,0.141414141414141,0.141414141414141,0.131313131313131
0,0,0.0606060606060606,0,0,0,0.141414141414141,0.141414141414141,0.131313131313131
0,0,0,0,0,0,0.141414141414141,0.141414141414141,0.131313131313131
0,0,0,0,0,0,0.141414141414141,0.141414141414141,0.131313131313131
0,0,0.0606060606060606,0,0,0,0.141414141414141,0.141414141414141,0.131313131313131
0,0,0,0,0,0,0.0101010101010101,0.0101010101010101,0.0101010101010101
0,0,0,0,0,0,0.0101010101010101,0.0101010101010101,0.0101010101010101
0,0,0,0,0,0,0.0101010101010101,0.0101010101010101,0.0101010101010101
0,0,0,0,0,0,0.0101010101010101,0.0101010101010101,0.0101010101010101
0,0,0,0,0,0,0.0101010101010101,0.0101010101010101,0.0101010101010101
0,0,0,0,0,0,0,0,0
